,BFA,BOTNET,DDoS,DoS,Normal,Probe,U2R,Web-Attack
Src Port,0.14736757,0.020088097,0.018067528,0.05001759,0.033937998,0.065039836,0.017966872,0.03573543
Dst Port,0.2309894,0.12301057,0.012875221,0.20333508,0.03977385,0.1261904,0.07714329,0.0019097612
Protocol,0.0,0.0,0.48877278,0.0,0.00582818,0.00010010288,0.0,0.0
Flow Duration,0.015404157,0.1945826,0.017492054,0.010174045,0.025832376,0.015536903,0.026445005,0.0072297654
Tot Fwd Pkts,0.0066374345,0.06990106,0.02162496,0.0158742,0.015132027,0.004532581,0.005574975,0.00089064596
Tot Bwd Pkts,0.0021145542,0.0055615534,0.00034089794,0.014399594,0.003235867,0.005814996,0.004181201,0.0030824128
TotLen Fwd Pkts,0.012186728,0.019955894,0.0,0.004315706,0.0026277083,0.033727378,0.029553209,0.030798888
TotLen Bwd Pkts,0.03218781,0.00021089785,0.0020980625,0.004975676,0.006012009,0.008257017,0.008256033,0.0072924164
Fwd Pkt Len Max,0.004281033,0.001926738,0.0,0.007677088,0.0082092825,0.015921675,0.0,0.0069167493
Fwd Pkt Len Min,0.0,0.0,0.0,0.00078740646,0.0004253408,0.00046247515,0.0022196039,0.0
Fwd Pkt Len Mean,0.0048818896,0.00087265053,0.0007668186,0.011902416,0.0045635127,0.0012964217,0.0051677534,0.10221088
Fwd Pkt Len Std,0.0077797123,0.003869694,0.00016024904,0.006557469,0.000645044,0.012633914,0.0044195224,0.053353556
Bwd Pkt Len Max,0.0011575066,0.0023688653,3.5750138e-05,0.0050624,0.007548351,0.0004421946,0.030221319,0.0038385084
Bwd Pkt Len Min,0.0,0.0,7.663539e-06,0.0009062892,0.0028205495,0.0,0.0014058144,0.0
Bwd Pkt Len Mean,0.0052758115,0.0055365153,0.0009001502,0.0051072887,0.0048853275,0.0074231867,0.05868809,0.016593011
Bwd Pkt Len Std,0.035483707,0.0014459597,0.0035045105,0.005763941,0.00063894823,0.0010678301,0.03462595,0.0034528573
Flow Byts/s,0.0112205325,0.011146329,0.0010179898,0.0017044626,0.0058288663,0.002587418,0.043706663,0.015709728
Flow Pkts/s,0.005103604,0.23908865,0.08308307,0.0032358677,0.0059849834,0.005695642,0.070805684,0.06035546
Flow IAT Mean,0.011908015,0.00021037187,0.012122336,0.004446854,0.015648413,0.012985676,0.005746754,0.026635291
Flow IAT Std,0.019723026,1.7013932e-05,0.00093761436,0.025327865,0.0100285085,0.0060610576,0.0,0.0011815593
Flow IAT Max,0.014708739,0.003703041,0.002804255,0.005595014,0.009953466,0.006541588,0.0,0.0112624755
Flow IAT Min,0.011574508,0.09057272,0.015367785,0.024071107,0.013226784,0.04270785,0.05000743,0.050492212
Fwd IAT Tot,0.0034714972,0.0014650923,0.0003383826,0.010808474,0.0017928879,0.0015038158,0.028149212,0.011197124
Fwd IAT Mean,0.0067207753,0.00056298886,0.00039296362,0.0015411926,0.005054295,0.0029357257,0.029390063,0.04235137
Fwd IAT Std,0.004281529,0.0009136818,0.0004938046,0.004002663,0.004899651,0.0042620515,0.015333045,0.03227365
Fwd IAT Max,0.0035515123,0.0,4.243701e-05,0.0013271844,0.004527472,0.0009725492,0.0057979818,0.008114326
Fwd IAT Min,0.015580818,0.00015269815,0.0063628666,0.023786055,0.007457527,0.008837573,0.07827617,0.014760197
Bwd IAT Tot,0.025088055,0.00011315584,0.0010238728,0.0031174982,0.0048623607,0.015878292,0.0026452711,0.0155258
Bwd IAT Mean,0.018053267,0.0003001273,0.00094143633,0.0032285668,0.0082269255,0.008525729,0.0032558925,0.045985535
Bwd IAT Std,0.0035283293,0.0020293843,4.0733306e-05,0.00781642,0.0035790757,0.0046972493,0.025086302,0.00090936694
Bwd IAT Max,0.009030574,4.3200176e-05,8.102503e-05,0.0021097362,0.015217605,0.0050312295,0.009989572,0.021660091
Bwd IAT Min,0.018392412,0.10035444,0.015364443,0.020429306,0.020792402,0.021221368,0.0072370474,0.027667366
Bwd PSH Flags,0.00025791474,0.0022702944,9.749544e-06,0.004160603,0.00027145864,0.0016380539,0.0,0.0
Bwd URG Flags,0.0,0.0,0.0,0.0,0.0,0.00025870526,0.0,0.0
Fwd Header Len,0.011704541,0.0021512154,0.019142428,0.17548728,0.012667364,0.025387876,0.00085761724,0.0066382615
Bwd Header Len,0.061884776,0.0075538,0.19156761,0.103017755,0.03561108,0.20331286,0.03391551,0.0816492
Fwd Pkts/s,0.02180604,0.00764199,0.012203241,0.022865184,0.018690187,0.02003064,0.08841095,0.050075457
Bwd Pkts/s,0.014250271,0.009640193,0.023258744,0.008620224,0.008685124,0.030825693,0.0,0.009495209
Pkt Len Min,0.0,0.0,0.0,0.0,0.023839539,0.0,0.0019369432,0.0
Pkt Len Max,0.0037668995,0.0010457267,9.054688e-06,0.013319171,0.22930962,0.029090954,0.0,0.0054323473
Pkt Len Mean,0.015596833,0.00055503217,0.0,0.006281139,0.025591027,0.032313153,0.035592567,0.005990635
Pkt Len Std,0.016278692,0.0009220311,0.0010954336,0.002149973,0.015354521,0.006319552,0.011762773,0.06492451
Pkt Len Var,0.0015501067,0.0042039915,0.0025145856,0.0012145841,0.0055224015,0.002039617,0.0006816102,0.0
FIN Flag Cnt,0.015297774,0.0,7.893404e-06,0.03058268,0.011912891,0.012422561,0.0,0.0
SYN Flag Cnt,0.009253623,0.0069268527,5.539115e-07,0.01943469,0.030302756,0.032652345,0.066764496,0.00061145175
RST Flag Cnt,6.3655214e-05,0.0,0.0,0.0011764171,1.353172e-05,0.001737767,0.0,0.00016842579
PSH Flag Cnt,0.0,0.0,0.0,0.0,0.0,0.0015934285,0.0,0.0
ACK Flag Cnt,0.004566708,0.00016174691,0.0,0.025475426,0.017994821,0.02333002,0.0036988603,0.00060181925
URG Flag Cnt,0.0,0.0,0.0,0.0,0.0,0.0,0.0,0.0
Down/Up Ratio,0.0032687807,0.0,0.002476028,0.018632336,0.0020557162,0.0055957343,0.0,0.016020587
Pkt Size Avg,0.011625819,0.0018256546,6.181307e-05,0.0018584358,0.04405072,0.01373537,0.010948595,0.045281027
Fwd Seg Size Avg,0.0,0.00010767109,0.0,0.0042164144,0.0,2.2968045e-05,0.0023957025,0.0005399788
Bwd Seg Size Avg,0.00094076793,0.0006200736,0.0,0.0017207426,4.4101354e-05,0.0034704965,0.016677381,0.0
Subflow Fwd Pkts,0.0007571414,0.008570465,0.005267244,0.0026981425,0.00282338,0.0009844239,0.0,0.0
Subflow Fwd Byts,0.0048219147,0.0028423432,0.0,0.0037602577,8.729164e-06,0.006361002,0.013258248,0.005462522
Subflow Bwd Pkts,0.0,0.00075948716,0.0,0.0052492325,8.339069e-05,0.0,0.0,0.0035893216
Subflow Bwd Byts,6.058144e-06,0.0,0.0,0.0005716532,0.00017812185,0.0,0.0022928847,0.0
Init Bwd Win Byts,0.11081977,0.024118613,0.021742731,0.055220086,0.20511857,0.091336876,0.02937647,0.04355985
Fwd Act Data Pkts,0.0014370817,0.017691063,0.0,0.0002485259,0.0007386891,0.0035294888,0.00013372711,0.0
Active Mean,0.0,0.0,0.0030930126,5.7641802e-05,0.001521196,0.00014145458,0.0,0.0
Active Std,0.0,0.0,0.0,6.442014e-05,0.00017887793,0.0,0.0,0.0
Active Max,0.0,0.0,0.00030943452,0.0,6.690943e-05,8.019224e-05,0.0,0.0
Active Min,0.00073833147,4.170393e-05,0.0027630397,0.00018809352,0.0020068386,1.4985549e-05,0.0,0.0
Idle Mean,0.0,0.00023230343,0.0,0.0008865069,0.0040288023,0.0013336553,0.0,0.0
Idle Std,0.0,0.0,0.0,1.58719e-05,1.0077808e-05,0.0,0.0,0.0005729669
Idle Max,0.0,0.000113687776,0.0,0.0009958938,1.7803028e-05,0.00025411305,0.0,0.0
Idle Min,0.0016219334,0.0,0.0074158176,0.00042616122,0.002104101,0.0012941794,0.0,0.0
